month,category,department,budget_amount_mad,account_code,account_label
2019-01-01,Salaries,RH,43637.41,6000,Compte Salaries
2019-01-01,Rent,Facilities,12110.32,6001,Compte Rent
2019-01-01,Utilities,Facilities,1520.34,6002,Compte Utilities
2019-01-01,Marketing,Growth,7956.21,6003,Compte Marketing
2019-01-01,Software,IT,6457.25,6004,Compte Software
2019-01-01,Travel,Operations,2530.07,6005,Compte Travel
2019-01-01,Supplies,Operations,1157.2,6006,Compte Supplies
2019-01-01,Logistics,Operations,1670.66,6007,Compte Logistics
2019-01-01,ProfessionalServices,Admin,2113.54,6008,Compte ProfessionalServices
2019-01-01,Taxes,Admin,3379.38,6009,Compte Taxes
2019-02-01,Salaries,RH,43423.69,6000,Compte Salaries
2019-02-01,Rent,Facilities,11132.12,6001,Compte Rent
2019-02-01,Utilities,Facilities,1487.98,6002,Compte Utilities
2019-02-01,Marketing,Growth,7620.93,6003,Compte Marketing
2019-02-01,Software,IT,6394.3,6004,Compte Software
2019-02-01,Travel,Operations,2585.22,6005,Compte Travel
2019-02-01,Supplies,Operations,1260.79,6006,Compte Supplies
2019-02-01,Logistics,Operations,1690.4,6007,Compte Logistics
2019-02-01,ProfessionalServices,Admin,2025.19,6008,Compte ProfessionalServices
2019-02-01,Taxes,Admin,3326.99,6009,Compte Taxes
2019-03-01,Salaries,RH,43586.08,6000,Compte Salaries
2019-03-01,Rent,Facilities,11820.15,6001,Compte Rent
2019-03-01,Utilities,Facilities,1466.2,6002,Compte Utilities
2019-03-01,Marketing,Growth,8465.26,6003,Compte Marketing
2019-03-01,Software,IT,5840.42,6004,Compte Software
2019-03-01,Travel,Operations,2331.98,6005,Compte Travel
2019-03-01,Supplies,Operations,1166.9,6006,Compte Supplies
2019-03-01,Logistics,Operations,1604.56,6007,Compte Logistics
2019-03-01,ProfessionalServices,Admin,2343.88,6008,Compte ProfessionalServices
2019-03-01,Taxes,Admin,3556.02,6009,Compte Taxes
2019-04-01,Salaries,RH,41698.99,6000,Compte Salaries
2019-04-01,Rent,Facilities,11095.01,6001,Compte Rent
2019-04-01,Utilities,Facilities,1586.83,6002,Compte Utilities
2019-04-01,Marketing,Growth,8490.71,6003,Compte Marketing
2019-04-01,Software,IT,6056.62,6004,Compte Software
2019-04-01,Travel,Operations,2440.07,6005,Compte Travel
2019-04-01,Supplies,Operations,1286.1,6006,Compte Supplies
2019-04-01,Logistics,Operations,1640.62,6007,Compte Logistics
2019-04-01,ProfessionalServices,Admin,2216.71,6008,Compte ProfessionalServices
2019-04-01,Taxes,Admin,3261.21,6009,Compte Taxes
2019-05-01,Salaries,RH,47859.03,6000,Compte Salaries
2019-05-01,Rent,Facilities,12919.1,6001,Compte Rent
2019-05-01,Utilities,Facilities,1520.57,6002,Compte Utilities
2019-05-01,Marketing,Growth,8468.89,6003,Compte Marketing
2019-05-01,Software,IT,5925.76,6004,Compte Software
2019-05-01,Travel,Operations,2566.03,6005,Compte Travel
2019-05-01,Supplies,Operations,1161.03,6006,Compte Supplies
2019-05-01,Logistics,Operations,1677.77,6007,Compte Logistics
2019-05-01,ProfessionalServices,Admin,2085.82,6008,Compte ProfessionalServices
2019-05-01,Taxes,Admin,3548.32,6009,Compte Taxes
2019-06-01,Salaries,RH,42362.7,6000,Compte Salaries
2019-06-01,Rent,Facilities,12918.59,6001,Compte Rent
2019-06-01,Utilities,Facilities,1384.81,6002,Compte Utilities
2019-06-01,Marketing,Growth,7496.23,6003,Compte Marketing
2019-06-01,Software,IT,5787.3,6004,Compte Software
2019-06-01,Travel,Operations,3295.14,6005,Compte Travel
2019-06-01,Supplies,Operations,1292.91,6006,Compte Supplies
2019-06-01,Logistics,Operations,1683.67,6007,Compte Logistics
2019-06-01,ProfessionalServices,Admin,2261.21,6008,Compte ProfessionalServices
2019-06-01,Taxes,Admin,3775.1,6009,Compte Taxes
2019-07-01,Salaries,RH,48024.06,6000,Compte Salaries
2019-07-01,Rent,Facilities,11147.49,6001,Compte Rent
2019-07-01,Utilities,Facilities,1495.38,6002,Compte Utilities
2019-07-01,Marketing,Growth,7382.23,6003,Compte Marketing
2019-07-01,Software,IT,5787.49,6004,Compte Software
2019-07-01,Travel,Operations,3572.04,6005,Compte Travel
2019-07-01,Supplies,Operations,1128.48,6006,Compte Supplies
2019-07-01,Logistics,Operations,1775.8,6007,Compte Logistics
2019-07-01,ProfessionalServices,Admin,2293.92,6008,Compte ProfessionalServices
2019-07-01,Taxes,Admin,3349.5,6009,Compte Taxes
2019-08-01,Salaries,RH,43281.44,6000,Compte Salaries
2019-08-01,Rent,Facilities,12632.26,6001,Compte Rent
2019-08-01,Utilities,Facilities,1535.29,6002,Compte Utilities
2019-08-01,Marketing,Growth,7986.73,6003,Compte Marketing
2019-08-01,Software,IT,5741.45,6004,Compte Software
2019-08-01,Travel,Operations,3241.68,6005,Compte Travel
2019-08-01,Supplies,Operations,1271.44,6006,Compte Supplies
2019-08-01,Logistics,Operations,1832.45,6007,Compte Logistics
2019-08-01,ProfessionalServices,Admin,2064.12,6008,Compte ProfessionalServices
2019-08-01,Taxes,Admin,3743.98,6009,Compte Taxes
2019-09-01,Salaries,RH,44535.34,6000,Compte Salaries
2019-09-01,Rent,Facilities,12449.73,6001,Compte Rent
2019-09-01,Utilities,Facilities,1548.51,6002,Compte Utilities
2019-09-01,Marketing,Growth,8017.66,6003,Compte Marketing
2019-09-01,Software,IT,5573.82,6004,Compte Software
2019-09-01,Travel,Operations,2481.9,6005,Compte Travel
2019-09-01,Supplies,Operations,1113.88,6006,Compte Supplies
2019-09-01,Logistics,Operations,1709.36,6007,Compte Logistics
2019-09-01,ProfessionalServices,Admin,2215.75,6008,Compte ProfessionalServices
2019-09-01,Taxes,Admin,3476.44,6009,Compte Taxes
2019-10-01,Salaries,RH,44268.84,6000,Compte Salaries
2019-10-01,Rent,Facilities,11554.25,6001,Compte Rent
2019-10-01,Utilities,Facilities,1526.58,6002,Compte Utilities
2019-10-01,Marketing,Growth,11044.62,6003,Compte Marketing
2019-10-01,Software,IT,6293.14,6004,Compte Software
2019-10-01,Travel,Operations,2648.38,6005,Compte Travel
2019-10-01,Supplies,Operations,1247.58,6006,Compte Supplies
2019-10-01,Logistics,Operations,1834.28,6007,Compte Logistics
2019-10-01,ProfessionalServices,Admin,2302.54,6008,Compte ProfessionalServices
2019-10-01,Taxes,Admin,3778.99,6009,Compte Taxes
2019-11-01,Salaries,RH,47383.52,6000,Compte Salaries
2019-11-01,Rent,Facilities,11235.8,6001,Compte Rent
2019-11-01,Utilities,Facilities,1401.53,6002,Compte Utilities
2019-11-01,Marketing,Growth,10066.9,6003,Compte Marketing
2019-11-01,Software,IT,5606.22,6004,Compte Software
2019-11-01,Travel,Operations,2550.6,6005,Compte Travel
2019-11-01,Supplies,Operations,1255.77,6006,Compte Supplies
2019-11-01,Logistics,Operations,1619.26,6007,Compte Logistics
2019-11-01,ProfessionalServices,Admin,2369.31,6008,Compte ProfessionalServices
2019-11-01,Taxes,Admin,3235.63,6009,Compte Taxes
2019-12-01,Salaries,RH,43990.14,6000,Compte Salaries
2019-12-01,Rent,Facilities,11133.74,6001,Compte Rent
2019-12-01,Utilities,Facilities,1574.74,6002,Compte Utilities
2019-12-01,Marketing,Growth,10628.52,6003,Compte Marketing
2019-12-01,Software,IT,6147.36,6004,Compte Software
2019-12-01,Travel,Operations,2611.11,6005,Compte Travel
2019-12-01,Supplies,Operations,1133.1,6006,Compte Supplies
2019-12-01,Logistics,Operations,1781.12,6007,Compte Logistics
2019-12-01,ProfessionalServices,Admin,2371.31,6008,Compte ProfessionalServices
2019-12-01,Taxes,Admin,3562.11,6009,Compte Taxes
2020-01-01,Salaries,RH,43348.32,6000,Compte Salaries
2020-01-01,Rent,Facilities,13312.32,6001,Compte Rent
2020-01-01,Utilities,Facilities,1489.33,6002,Compte Utilities
2020-01-01,Marketing,Growth,7936.41,6003,Compte Marketing
2020-01-01,Software,IT,6373.33,6004,Compte Software
2020-01-01,Travel,Operations,2749.67,6005,Compte Travel
2020-01-01,Supplies,Operations,1209.29,6006,Compte Supplies
2020-01-01,Logistics,Operations,1706.38,6007,Compte Logistics
2020-01-01,ProfessionalServices,Admin,2319.49,6008,Compte ProfessionalServices
2020-01-01,Taxes,Admin,3391.2,6009,Compte Taxes
2020-02-01,Salaries,RH,49610.27,6000,Compte Salaries
2020-02-01,Rent,Facilities,12515.21,6001,Compte Rent
2020-02-01,Utilities,Facilities,1469.03,6002,Compte Utilities
2020-02-01,Marketing,Growth,8736.93,6003,Compte Marketing
2020-02-01,Software,IT,6074.17,6004,Compte Software
2020-02-01,Travel,Operations,2688.75,6005,Compte Travel
2020-02-01,Supplies,Operations,1231.23,6006,Compte Supplies
2020-02-01,Logistics,Operations,1643.02,6007,Compte Logistics
2020-02-01,ProfessionalServices,Admin,2366.19,6008,Compte ProfessionalServices
2020-02-01,Taxes,Admin,3568.89,6009,Compte Taxes
2020-03-01,Salaries,RH,44523.67,6000,Compte Salaries
2020-03-01,Rent,Facilities,11888.99,6001,Compte Rent
2020-03-01,Utilities,Facilities,1492.53,6002,Compte Utilities
2020-03-01,Marketing,Growth,8088.4,6003,Compte Marketing
2020-03-01,Software,IT,6183.04,6004,Compte Software
2020-03-01,Travel,Operations,2515.93,6005,Compte Travel
2020-03-01,Supplies,Operations,1172.23,6006,Compte Supplies
2020-03-01,Logistics,Operations,1799.56,6007,Compte Logistics
2020-03-01,ProfessionalServices,Admin,2308.46,6008,Compte ProfessionalServices
2020-03-01,Taxes,Admin,3689.35,6009,Compte Taxes
2020-04-01,Salaries,RH,49021.43,6000,Compte Salaries
2020-04-01,Rent,Facilities,11423.25,6001,Compte Rent
2020-04-01,Utilities,Facilities,1546.82,6002,Compte Utilities
2020-04-01,Marketing,Growth,8752.25,6003,Compte Marketing
2020-04-01,Software,IT,6344.92,6004,Compte Software
2020-04-01,Travel,Operations,2645.08,6005,Compte Travel
2020-04-01,Supplies,Operations,1279.38,6006,Compte Supplies
2020-04-01,Logistics,Operations,1881.67,6007,Compte Logistics
2020-04-01,ProfessionalServices,Admin,2398.82,6008,Compte ProfessionalServices
2020-04-01,Taxes,Admin,3467.38,6009,Compte Taxes
2020-05-01,Salaries,RH,48449.2,6000,Compte Salaries
2020-05-01,Rent,Facilities,11705.53,6001,Compte Rent
2020-05-01,Utilities,Facilities,1513.07,6002,Compte Utilities
2020-05-01,Marketing,Growth,8178.24,6003,Compte Marketing
2020-05-01,Software,IT,6363.97,6004,Compte Software
2020-05-01,Travel,Operations,2439.62,6005,Compte Travel
2020-05-01,Supplies,Operations,1329.08,6006,Compte Supplies
2020-05-01,Logistics,Operations,1813.94,6007,Compte Logistics
2020-05-01,ProfessionalServices,Admin,2206.43,6008,Compte ProfessionalServices
2020-05-01,Taxes,Admin,3835.45,6009,Compte Taxes
2020-06-01,Salaries,RH,46091.13,6000,Compte Salaries
2020-06-01,Rent,Facilities,12403.06,6001,Compte Rent
2020-06-01,Utilities,Facilities,1467.46,6002,Compte Utilities
2020-06-01,Marketing,Growth,8881.94,6003,Compte Marketing
2020-06-01,Software,IT,6003.44,6004,Compte Software
2020-06-01,Travel,Operations,3543.1,6005,Compte Travel
2020-06-01,Supplies,Operations,1255.34,6006,Compte Supplies
2020-06-01,Logistics,Operations,1666.67,6007,Compte Logistics
2020-06-01,ProfessionalServices,Admin,2384.64,6008,Compte ProfessionalServices
2020-06-01,Taxes,Admin,3781.34,6009,Compte Taxes
2020-07-01,Salaries,RH,43238.68,6000,Compte Salaries
2020-07-01,Rent,Facilities,11496.92,6001,Compte Rent
2020-07-01,Utilities,Facilities,1573.05,6002,Compte Utilities
2020-07-01,Marketing,Growth,8356.52,6003,Compte Marketing
2020-07-01,Software,IT,6584.34,6004,Compte Software
2020-07-01,Travel,Operations,3633.05,6005,Compte Travel
2020-07-01,Supplies,Operations,1329.9,6006,Compte Supplies
2020-07-01,Logistics,Operations,1858.77,6007,Compte Logistics
2020-07-01,ProfessionalServices,Admin,2278.54,6008,Compte ProfessionalServices
2020-07-01,Taxes,Admin,3351.56,6009,Compte Taxes
2020-08-01,Salaries,RH,48223.25,6000,Compte Salaries
2020-08-01,Rent,Facilities,13106.86,6001,Compte Rent
2020-08-01,Utilities,Facilities,1421.8,6002,Compte Utilities
2020-08-01,Marketing,Growth,7775.97,6003,Compte Marketing
2020-08-01,Software,IT,6281.17,6004,Compte Software
2020-08-01,Travel,Operations,3342.88,6005,Compte Travel
2020-08-01,Supplies,Operations,1275.71,6006,Compte Supplies
2020-08-01,Logistics,Operations,1687.55,6007,Compte Logistics
2020-08-01,ProfessionalServices,Admin,2323.89,6008,Compte ProfessionalServices
2020-08-01,Taxes,Admin,3366.24,6009,Compte Taxes
2020-09-01,Salaries,RH,48340.49,6000,Compte Salaries
2020-09-01,Rent,Facilities,11498.76,6001,Compte Rent
2020-09-01,Utilities,Facilities,1558.18,6002,Compte Utilities
2020-09-01,Marketing,Growth,8299.7,6003,Compte Marketing
2020-09-01,Software,IT,5931.44,6004,Compte Software
2020-09-01,Travel,Operations,2543.22,6005,Compte Travel
2020-09-01,Supplies,Operations,1202.05,6006,Compte Supplies
2020-09-01,Logistics,Operations,1884.76,6007,Compte Logistics
2020-09-01,ProfessionalServices,Admin,2440.15,6008,Compte ProfessionalServices
2020-09-01,Taxes,Admin,3644.44,6009,Compte Taxes
2020-10-01,Salaries,RH,44612.08,6000,Compte Salaries
2020-10-01,Rent,Facilities,11990.19,6001,Compte Rent
2020-10-01,Utilities,Facilities,1587.35,6002,Compte Utilities
2020-10-01,Marketing,Growth,11098.6,6003,Compte Marketing
2020-10-01,Software,IT,6119.01,6004,Compte Software
2020-10-01,Travel,Operations,2691.38,6005,Compte Travel
2020-10-01,Supplies,Operations,1248.66,6006,Compte Supplies
2020-10-01,Logistics,Operations,1853.65,6007,Compte Logistics
2020-10-01,ProfessionalServices,Admin,2208.93,6008,Compte ProfessionalServices
2020-10-01,Taxes,Admin,3631.31,6009,Compte Taxes
2020-11-01,Salaries,RH,48433.33,6000,Compte Salaries
2020-11-01,Rent,Facilities,12491.59,6001,Compte Rent
2020-11-01,Utilities,Facilities,1464.83,6002,Compte Utilities
2020-11-01,Marketing,Growth,11727.79,6003,Compte Marketing
2020-11-01,Software,IT,5864.16,6004,Compte Software
2020-11-01,Travel,Operations,2436.51,6005,Compte Travel
2020-11-01,Supplies,Operations,1266.92,6006,Compte Supplies
2020-11-01,Logistics,Operations,1708.01,6007,Compte Logistics
2020-11-01,ProfessionalServices,Admin,2155.96,6008,Compte ProfessionalServices
2020-11-01,Taxes,Admin,3750.51,6009,Compte Taxes
2020-12-01,Salaries,RH,46688.98,6000,Compte Salaries
2020-12-01,Rent,Facilities,12332.54,6001,Compte Rent
2020-12-01,Utilities,Facilities,1477.22,6002,Compte Utilities
2020-12-01,Marketing,Growth,10666.47,6003,Compte Marketing
2020-12-01,Software,IT,6564.45,6004,Compte Software
2020-12-01,Travel,Operations,2412.83,6005,Compte Travel
2020-12-01,Supplies,Operations,1243.5,6006,Compte Supplies
2020-12-01,Logistics,Operations,1789.48,6007,Compte Logistics
2020-12-01,ProfessionalServices,Admin,2241.7,6008,Compte ProfessionalServices
2020-12-01,Taxes,Admin,3365.42,6009,Compte Taxes
2021-01-01,Salaries,RH,49796.61,6000,Compte Salaries
2021-01-01,Rent,Facilities,13525.06,6001,Compte Rent
2021-01-01,Utilities,Facilities,1687.24,6002,Compte Utilities
2021-01-01,Marketing,Growth,7908.76,6003,Compte Marketing
2021-01-01,Software,IT,6245.28,6004,Compte Software
2021-01-01,Travel,Operations,2533.63,6005,Compte Travel
2021-01-01,Supplies,Operations,1360.44,6006,Compte Supplies
2021-01-01,Logistics,Operations,1821.09,6007,Compte Logistics
2021-01-01,ProfessionalServices,Admin,2443.7,6008,Compte ProfessionalServices
2021-01-01,Taxes,Admin,3809.66,6009,Compte Taxes
2021-02-01,Salaries,RH,50131.56,6000,Compte Salaries
2021-02-01,Rent,Facilities,12466.67,6001,Compte Rent
2021-02-01,Utilities,Facilities,1677.32,6002,Compte Utilities
2021-02-01,Marketing,Growth,8830.83,6003,Compte Marketing
2021-02-01,Software,IT,6542.18,6004,Compte Software
2021-02-01,Travel,Operations,2517.74,6005,Compte Travel
2021-02-01,Supplies,Operations,1320.03,6006,Compte Supplies
2021-02-01,Logistics,Operations,1929.34,6007,Compte Logistics
2021-02-01,ProfessionalServices,Admin,2200.31,6008,Compte ProfessionalServices
2021-02-01,Taxes,Admin,3929.02,6009,Compte Taxes
2021-03-01,Salaries,RH,44040.43,6000,Compte Salaries
2021-03-01,Rent,Facilities,12374.64,6001,Compte Rent
2021-03-01,Utilities,Facilities,1505.64,6002,Compte Utilities
2021-03-01,Marketing,Growth,8018.36,6003,Compte Marketing
2021-03-01,Software,IT,6106.55,6004,Compte Software
2021-03-01,Travel,Operations,2684.68,6005,Compte Travel
2021-03-01,Supplies,Operations,1368.47,6006,Compte Supplies
2021-03-01,Logistics,Operations,1780.24,6007,Compte Logistics
2021-03-01,ProfessionalServices,Admin,2425.87,6008,Compte ProfessionalServices
2021-03-01,Taxes,Admin,3931.87,6009,Compte Taxes
2021-04-01,Salaries,RH,50793.74,6000,Compte Salaries
2021-04-01,Rent,Facilities,13193.82,6001,Compte Rent
2021-04-01,Utilities,Facilities,1464.99,6002,Compte Utilities
2021-04-01,Marketing,Growth,8804.93,6003,Compte Marketing
2021-04-01,Software,IT,6202.91,6004,Compte Software
2021-04-01,Travel,Operations,2698.94,6005,Compte Travel
2021-04-01,Supplies,Operations,1313.33,6006,Compte Supplies
2021-04-01,Logistics,Operations,1682.72,6007,Compte Logistics
2021-04-01,ProfessionalServices,Admin,2457.49,6008,Compte ProfessionalServices
2021-04-01,Taxes,Admin,3484.15,6009,Compte Taxes
2021-05-01,Salaries,RH,44020.38,6000,Compte Salaries
2021-05-01,Rent,Facilities,12623.62,6001,Compte Rent
2021-05-01,Utilities,Facilities,1490.14,6002,Compte Utilities
2021-05-01,Marketing,Growth,8773.2,6003,Compte Marketing
2021-05-01,Software,IT,6573.37,6004,Compte Software
2021-05-01,Travel,Operations,2509.12,6005,Compte Travel
2021-05-01,Supplies,Operations,1312.45,6006,Compte Supplies
2021-05-01,Logistics,Operations,1841.73,6007,Compte Logistics
2021-05-01,ProfessionalServices,Admin,2419.84,6008,Compte ProfessionalServices
2021-05-01,Taxes,Admin,3802.09,6009,Compte Taxes
2021-06-01,Salaries,RH,51227.41,6000,Compte Salaries
2021-06-01,Rent,Facilities,12826.21,6001,Compte Rent
2021-06-01,Utilities,Facilities,1626.13,6002,Compte Utilities
2021-06-01,Marketing,Growth,8620.5,6003,Compte Marketing
2021-06-01,Software,IT,5879.64,6004,Compte Software
2021-06-01,Travel,Operations,3749.81,6005,Compte Travel
2021-06-01,Supplies,Operations,1261.21,6006,Compte Supplies
2021-06-01,Logistics,Operations,1722.55,6007,Compte Logistics
2021-06-01,ProfessionalServices,Admin,2346.64,6008,Compte ProfessionalServices
2021-06-01,Taxes,Admin,3980.92,6009,Compte Taxes
2021-07-01,Salaries,RH,51116.5,6000,Compte Salaries
2021-07-01,Rent,Facilities,13254.41,6001,Compte Rent
2021-07-01,Utilities,Facilities,1497.3,6002,Compte Utilities
2021-07-01,Marketing,Growth,8417.38,6003,Compte Marketing
2021-07-01,Software,IT,6429.34,6004,Compte Software
2021-07-01,Travel,Operations,3488.56,6005,Compte Travel
2021-07-01,Supplies,Operations,1228.98,6006,Compte Supplies
2021-07-01,Logistics,Operations,1872.49,6007,Compte Logistics
2021-07-01,ProfessionalServices,Admin,2456.87,6008,Compte ProfessionalServices
2021-07-01,Taxes,Admin,3443.57,6009,Compte Taxes
2021-08-01,Salaries,RH,49238.49,6000,Compte Salaries
2021-08-01,Rent,Facilities,13633.49,6001,Compte Rent
2021-08-01,Utilities,Facilities,1704.5,6002,Compte Utilities
2021-08-01,Marketing,Growth,8969.26,6003,Compte Marketing
2021-08-01,Software,IT,6849.75,6004,Compte Software
2021-08-01,Travel,Operations,3818.1,6005,Compte Travel
2021-08-01,Supplies,Operations,1287.63,6006,Compte Supplies
2021-08-01,Logistics,Operations,1803.15,6007,Compte Logistics
2021-08-01,ProfessionalServices,Admin,2215.35,6008,Compte ProfessionalServices
2021-08-01,Taxes,Admin,3649.49,6009,Compte Taxes
2021-09-01,Salaries,RH,49114.26,6000,Compte Salaries
2021-09-01,Rent,Facilities,13460.35,6001,Compte Rent
2021-09-01,Utilities,Facilities,1679.06,6002,Compte Utilities
2021-09-01,Marketing,Growth,8184.01,6003,Compte Marketing
2021-09-01,Software,IT,6216.08,6004,Compte Software
2021-09-01,Travel,Operations,2521.58,6005,Compte Travel
2021-09-01,Supplies,Operations,1315.39,6006,Compte Supplies
2021-09-01,Logistics,Operations,1763.38,6007,Compte Logistics
2021-09-01,ProfessionalServices,Admin,2368.96,6008,Compte ProfessionalServices
2021-09-01,Taxes,Admin,3536.15,6009,Compte Taxes
2021-10-01,Salaries,RH,48974.59,6000,Compte Salaries
2021-10-01,Rent,Facilities,13305.48,6001,Compte Rent
2021-10-01,Utilities,Facilities,1704.35,6002,Compte Utilities
2021-10-01,Marketing,Growth,11101.96,6003,Compte Marketing
2021-10-01,Software,IT,6783.39,6004,Compte Software
2021-10-01,Travel,Operations,2768.75,6005,Compte Travel
2021-10-01,Supplies,Operations,1295.92,6006,Compte Supplies
2021-10-01,Logistics,Operations,1801.12,6007,Compte Logistics
2021-10-01,ProfessionalServices,Admin,2505.2,6008,Compte ProfessionalServices
2021-10-01,Taxes,Admin,3437.58,6009,Compte Taxes
2021-11-01,Salaries,RH,50245.28,6000,Compte Salaries
2021-11-01,Rent,Facilities,13593.56,6001,Compte Rent
2021-11-01,Utilities,Facilities,1620.13,6002,Compte Utilities
2021-11-01,Marketing,Growth,11520.03,6003,Compte Marketing
2021-11-01,Software,IT,6362.58,6004,Compte Software
2021-11-01,Travel,Operations,2630.95,6005,Compte Travel
2021-11-01,Supplies,Operations,1362.22,6006,Compte Supplies
2021-11-01,Logistics,Operations,1746.07,6007,Compte Logistics
2021-11-01,ProfessionalServices,Admin,2172.33,6008,Compte ProfessionalServices
2021-11-01,Taxes,Admin,3844.36,6009,Compte Taxes
2021-12-01,Salaries,RH,49030.59,6000,Compte Salaries
2021-12-01,Rent,Facilities,13213.29,6001,Compte Rent
2021-12-01,Utilities,Facilities,1624.96,6002,Compte Utilities
2021-12-01,Marketing,Growth,11678.27,6003,Compte Marketing
2021-12-01,Software,IT,6666.44,6004,Compte Software
2021-12-01,Travel,Operations,2741.88,6005,Compte Travel
2021-12-01,Supplies,Operations,1341.55,6006,Compte Supplies
2021-12-01,Logistics,Operations,1699.3,6007,Compte Logistics
2021-12-01,ProfessionalServices,Admin,2220.89,6008,Compte ProfessionalServices
2021-12-01,Taxes,Admin,3933.14,6009,Compte Taxes
2022-01-01,Salaries,RH,49468.49,6000,Compte Salaries
2022-01-01,Rent,Facilities,14114.4,6001,Compte Rent
2022-01-01,Utilities,Facilities,1600.55,6002,Compte Utilities
2022-01-01,Marketing,Growth,8511.56,6003,Compte Marketing
2022-01-01,Software,IT,6566.97,6004,Compte Software
2022-01-01,Travel,Operations,2751.97,6005,Compte Travel
2022-01-01,Supplies,Operations,1321.16,6006,Compte Supplies
2022-01-01,Logistics,Operations,1963.73,6007,Compte Logistics
2022-01-01,ProfessionalServices,Admin,2304.63,6008,Compte ProfessionalServices
2022-01-01,Taxes,Admin,3768.86,6009,Compte Taxes
2022-02-01,Salaries,RH,46598.02,6000,Compte Salaries
2022-02-01,Rent,Facilities,13639.47,6001,Compte Rent
2022-02-01,Utilities,Facilities,1548.6,6002,Compte Utilities
2022-02-01,Marketing,Growth,8142.8,6003,Compte Marketing
2022-02-01,Software,IT,6473.17,6004,Compte Software
2022-02-01,Travel,Operations,2708.17,6005,Compte Travel
2022-02-01,Supplies,Operations,1288.61,6006,Compte Supplies
2022-02-01,Logistics,Operations,1817.88,6007,Compte Logistics
2022-02-01,ProfessionalServices,Admin,2251.15,6008,Compte ProfessionalServices
2022-02-01,Taxes,Admin,3539.12,6009,Compte Taxes
2022-03-01,Salaries,RH,51162.42,6000,Compte Salaries
2022-03-01,Rent,Facilities,13817.86,6001,Compte Rent
2022-03-01,Utilities,Facilities,1563.05,6002,Compte Utilities
2022-03-01,Marketing,Growth,8320.88,6003,Compte Marketing
2022-03-01,Software,IT,6740.37,6004,Compte Software
2022-03-01,Travel,Operations,2649.05,6005,Compte Travel
2022-03-01,Supplies,Operations,1277.88,6006,Compte Supplies
2022-03-01,Logistics,Operations,1755.27,6007,Compte Logistics
2022-03-01,ProfessionalServices,Admin,2458.56,6008,Compte ProfessionalServices
2022-03-01,Taxes,Admin,4112.36,6009,Compte Taxes
2022-04-01,Salaries,RH,45532.26,6000,Compte Salaries
2022-04-01,Rent,Facilities,13575.45,6001,Compte Rent
2022-04-01,Utilities,Facilities,1512.04,6002,Compte Utilities
2022-04-01,Marketing,Growth,8781.64,6003,Compte Marketing
2022-04-01,Software,IT,6155.64,6004,Compte Software
2022-04-01,Travel,Operations,2825.37,6005,Compte Travel
2022-04-01,Supplies,Operations,1394.43,6006,Compte Supplies
2022-04-01,Logistics,Operations,1887.73,6007,Compte Logistics
2022-04-01,ProfessionalServices,Admin,2537.25,6008,Compte ProfessionalServices
2022-04-01,Taxes,Admin,3911.17,6009,Compte Taxes
2022-05-01,Salaries,RH,47199.95,6000,Compte Salaries
2022-05-01,Rent,Facilities,13860.66,6001,Compte Rent
2022-05-01,Utilities,Facilities,1611.42,6002,Compte Utilities
2022-05-01,Marketing,Growth,8404.56,6003,Compte Marketing
2022-05-01,Software,IT,6579.25,6004,Compte Software
2022-05-01,Travel,Operations,2860.89,6005,Compte Travel
2022-05-01,Supplies,Operations,1409.71,6006,Compte Supplies
2022-05-01,Logistics,Operations,1795.99,6007,Compte Logistics
2022-05-01,ProfessionalServices,Admin,2404.66,6008,Compte ProfessionalServices
2022-05-01,Taxes,Admin,4117.82,6009,Compte Taxes
2022-06-01,Salaries,RH,49138.15,6000,Compte Salaries
2022-06-01,Rent,Facilities,12087.11,6001,Compte Rent
2022-06-01,Utilities,Facilities,1682.06,6002,Compte Utilities
2022-06-01,Marketing,Growth,9053.19,6003,Compte Marketing
2022-06-01,Software,IT,6896.8,6004,Compte Software
2022-06-01,Travel,Operations,4030.59,6005,Compte Travel
2022-06-01,Supplies,Operations,1315.48,6006,Compte Supplies
2022-06-01,Logistics,Operations,1930.89,6007,Compte Logistics
2022-06-01,ProfessionalServices,Admin,2297.02,6008,Compte ProfessionalServices
2022-06-01,Taxes,Admin,3514.35,6009,Compte Taxes
2022-07-01,Salaries,RH,46181.18,6000,Compte Salaries
2022-07-01,Rent,Facilities,13948.66,6001,Compte Rent
2022-07-01,Utilities,Facilities,1725.39,6002,Compte Utilities
2022-07-01,Marketing,Growth,8148.48,6003,Compte Marketing
2022-07-01,Software,IT,6513.28,6004,Compte Software
2022-07-01,Travel,Operations,4025.06,6005,Compte Travel
2022-07-01,Supplies,Operations,1211.28,6006,Compte Supplies
2022-07-01,Logistics,Operations,1954.08,6007,Compte Logistics
2022-07-01,ProfessionalServices,Admin,2494.0,6008,Compte ProfessionalServices
2022-07-01,Taxes,Admin,3777.81,6009,Compte Taxes
2022-08-01,Salaries,RH,50530.14,6000,Compte Salaries
2022-08-01,Rent,Facilities,13632.7,6001,Compte Rent
2022-08-01,Utilities,Facilities,1673.86,6002,Compte Utilities
2022-08-01,Marketing,Growth,8281.67,6003,Compte Marketing
2022-08-01,Software,IT,6564.54,6004,Compte Software
2022-08-01,Travel,Operations,3551.43,6005,Compte Travel
2022-08-01,Supplies,Operations,1338.72,6006,Compte Supplies
2022-08-01,Logistics,Operations,1917.49,6007,Compte Logistics
2022-08-01,ProfessionalServices,Admin,2335.72,6008,Compte ProfessionalServices
2022-08-01,Taxes,Admin,3672.98,6009,Compte Taxes
2022-09-01,Salaries,RH,49719.77,6000,Compte Salaries
2022-09-01,Rent,Facilities,13744.13,6001,Compte Rent
2022-09-01,Utilities,Facilities,1656.17,6002,Compte Utilities
2022-09-01,Marketing,Growth,8259.07,6003,Compte Marketing
2022-09-01,Software,IT,6411.8,6004,Compte Software
2022-09-01,Travel,Operations,2568.01,6005,Compte Travel
2022-09-01,Supplies,Operations,1214.81,6006,Compte Supplies
2022-09-01,Logistics,Operations,1739.13,6007,Compte Logistics
2022-09-01,ProfessionalServices,Admin,2550.88,6008,Compte ProfessionalServices
2022-09-01,Taxes,Admin,3819.27,6009,Compte Taxes
2022-10-01,Salaries,RH,47539.42,6000,Compte Salaries
2022-10-01,Rent,Facilities,12695.26,6001,Compte Rent
2022-10-01,Utilities,Facilities,1531.67,6002,Compte Utilities
2022-10-01,Marketing,Growth,11758.78,6003,Compte Marketing
2022-10-01,Software,IT,6975.82,6004,Compte Software
2022-10-01,Travel,Operations,2689.15,6005,Compte Travel
2022-10-01,Supplies,Operations,1307.89,6006,Compte Supplies
2022-10-01,Logistics,Operations,1712.41,6007,Compte Logistics
2022-10-01,ProfessionalServices,Admin,2243.56,6008,Compte ProfessionalServices
2022-10-01,Taxes,Admin,3548.01,6009,Compte Taxes
2022-11-01,Salaries,RH,49025.28,6000,Compte Salaries
2022-11-01,Rent,Facilities,12971.36,6001,Compte Rent
2022-11-01,Utilities,Facilities,1504.73,6002,Compte Utilities
2022-11-01,Marketing,Growth,12538.12,6003,Compte Marketing
2022-11-01,Software,IT,6668.03,6004,Compte Software
2022-11-01,Travel,Operations,2658.03,6005,Compte Travel
2022-11-01,Supplies,Operations,1295.12,6006,Compte Supplies
2022-11-01,Logistics,Operations,2001.17,6007,Compte Logistics
2022-11-01,ProfessionalServices,Admin,2389.45,6008,Compte ProfessionalServices
2022-11-01,Taxes,Admin,3988.81,6009,Compte Taxes
2022-12-01,Salaries,RH,48387.28,6000,Compte Salaries
2022-12-01,Rent,Facilities,13117.29,6001,Compte Rent
2022-12-01,Utilities,Facilities,1689.46,6002,Compte Utilities
2022-12-01,Marketing,Growth,11352.54,6003,Compte Marketing
2022-12-01,Software,IT,6918.02,6004,Compte Software
2022-12-01,Travel,Operations,2630.55,6005,Compte Travel
2022-12-01,Supplies,Operations,1362.2,6006,Compte Supplies
2022-12-01,Logistics,Operations,1933.65,6007,Compte Logistics
2022-12-01,ProfessionalServices,Admin,2220.24,6008,Compte ProfessionalServices
2022-12-01,Taxes,Admin,3783.37,6009,Compte Taxes
2023-01-01,Salaries,RH,53425.78,6000,Compte Salaries
2023-01-01,Rent,Facilities,14305.48,6001,Compte Rent
2023-01-01,Utilities,Facilities,1607.68,6002,Compte Utilities
2023-01-01,Marketing,Growth,9092.39,6003,Compte Marketing
2023-01-01,Software,IT,6349.52,6004,Compte Software
2023-01-01,Travel,Operations,2928.1,6005,Compte Travel
2023-01-01,Supplies,Operations,1259.91,6006,Compte Supplies
2023-01-01,Logistics,Operations,2021.76,6007,Compte Logistics
2023-01-01,ProfessionalServices,Admin,2567.06,6008,Compte ProfessionalServices
2023-01-01,Taxes,Admin,3899.28,6009,Compte Taxes
2023-02-01,Salaries,RH,50886.02,6000,Compte Salaries
2023-02-01,Rent,Facilities,13459.51,6001,Compte Rent
2023-02-01,Utilities,Facilities,1598.3,6002,Compte Utilities
2023-02-01,Marketing,Growth,8847.28,6003,Compte Marketing
2023-02-01,Software,IT,6761.47,6004,Compte Software
2023-02-01,Travel,Operations,2622.09,6005,Compte Travel
2023-02-01,Supplies,Operations,1244.5,6006,Compte Supplies
2023-02-01,Logistics,Operations,1811.19,6007,Compte Logistics
2023-02-01,ProfessionalServices,Admin,2619.26,6008,Compte ProfessionalServices
2023-02-01,Taxes,Admin,3768.54,6009,Compte Taxes
2023-03-01,Salaries,RH,51579.6,6000,Compte Salaries
2023-03-01,Rent,Facilities,14228.4,6001,Compte Rent
2023-03-01,Utilities,Facilities,1602.06,6002,Compte Utilities
2023-03-01,Marketing,Growth,9294.72,6003,Compte Marketing
2023-03-01,Software,IT,6815.57,6004,Compte Software
2023-03-01,Travel,Operations,2982.86,6005,Compte Travel
2023-03-01,Supplies,Operations,1320.72,6006,Compte Supplies
2023-03-01,Logistics,Operations,1766.98,6007,Compte Logistics
2023-03-01,ProfessionalServices,Admin,2623.3,6008,Compte ProfessionalServices
2023-03-01,Taxes,Admin,4184.14,6009,Compte Taxes
2023-04-01,Salaries,RH,48499.7,6000,Compte Salaries
2023-04-01,Rent,Facilities,13268.93,6001,Compte Rent
2023-04-01,Utilities,Facilities,1666.58,6002,Compte Utilities
2023-04-01,Marketing,Growth,8318.79,6003,Compte Marketing
2023-04-01,Software,IT,6648.02,6004,Compte Software
2023-04-01,Travel,Operations,2649.97,6005,Compte Travel
2023-04-01,Supplies,Operations,1324.86,6006,Compte Supplies
2023-04-01,Logistics,Operations,1884.47,6007,Compte Logistics
2023-04-01,ProfessionalServices,Admin,2432.34,6008,Compte ProfessionalServices
2023-04-01,Taxes,Admin,3983.28,6009,Compte Taxes
2023-05-01,Salaries,RH,52264.9,6000,Compte Salaries
2023-05-01,Rent,Facilities,13167.0,6001,Compte Rent
2023-05-01,Utilities,Facilities,1754.15,6002,Compte Utilities
2023-05-01,Marketing,Growth,9442.82,6003,Compte Marketing
2023-05-01,Software,IT,6534.58,6004,Compte Software
2023-05-01,Travel,Operations,2656.89,6005,Compte Travel
2023-05-01,Supplies,Operations,1334.62,6006,Compte Supplies
2023-05-01,Logistics,Operations,1859.52,6007,Compte Logistics
2023-05-01,ProfessionalServices,Admin,2378.53,6008,Compte ProfessionalServices
2023-05-01,Taxes,Admin,4111.8,6009,Compte Taxes
2023-06-01,Salaries,RH,53960.96,6000,Compte Salaries
2023-06-01,Rent,Facilities,13342.92,6001,Compte Rent
2023-06-01,Utilities,Facilities,1564.59,6002,Compte Utilities
2023-06-01,Marketing,Growth,8854.66,6003,Compte Marketing
2023-06-01,Software,IT,6537.84,6004,Compte Software
2023-06-01,Travel,Operations,3967.45,6005,Compte Travel
2023-06-01,Supplies,Operations,1287.63,6006,Compte Supplies
2023-06-01,Logistics,Operations,1964.81,6007,Compte Logistics
2023-06-01,ProfessionalServices,Admin,2646.64,6008,Compte ProfessionalServices
2023-06-01,Taxes,Admin,3739.13,6009,Compte Taxes
2023-07-01,Salaries,RH,49844.5,6000,Compte Salaries
2023-07-01,Rent,Facilities,13972.66,6001,Compte Rent
2023-07-01,Utilities,Facilities,1619.43,6002,Compte Utilities
2023-07-01,Marketing,Growth,9268.34,6003,Compte Marketing
2023-07-01,Software,IT,6757.19,6004,Compte Software
2023-07-01,Travel,Operations,3972.59,6005,Compte Travel
2023-07-01,Supplies,Operations,1310.44,6006,Compte Supplies
2023-07-01,Logistics,Operations,1800.59,6007,Compte Logistics
2023-07-01,ProfessionalServices,Admin,2492.81,6008,Compte ProfessionalServices
2023-07-01,Taxes,Admin,3912.44,6009,Compte Taxes
2023-08-01,Salaries,RH,49285.93,6000,Compte Salaries
2023-08-01,Rent,Facilities,14297.12,6001,Compte Rent
2023-08-01,Utilities,Facilities,1758.37,6002,Compte Utilities
2023-08-01,Marketing,Growth,8386.69,6003,Compte Marketing
2023-08-01,Software,IT,6992.64,6004,Compte Software
2023-08-01,Travel,Operations,4058.1,6005,Compte Travel
2023-08-01,Supplies,Operations,1400.6,6006,Compte Supplies
2023-08-01,Logistics,Operations,2000.22,6007,Compte Logistics
2023-08-01,ProfessionalServices,Admin,2298.81,6008,Compte ProfessionalServices
2023-08-01,Taxes,Admin,4232.66,6009,Compte Taxes
2023-09-01,Salaries,RH,53685.69,6000,Compte Salaries
2023-09-01,Rent,Facilities,12851.76,6001,Compte Rent
2023-09-01,Utilities,Facilities,1628.63,6002,Compte Utilities
2023-09-01,Marketing,Growth,8693.53,6003,Compte Marketing
2023-09-01,Software,IT,6898.83,6004,Compte Software
2023-09-01,Travel,Operations,2884.51,6005,Compte Travel
2023-09-01,Supplies,Operations,1252.21,6006,Compte Supplies
2023-09-01,Logistics,Operations,1820.58,6007,Compte Logistics
2023-09-01,ProfessionalServices,Admin,2546.57,6008,Compte ProfessionalServices
2023-09-01,Taxes,Admin,3839.14,6009,Compte Taxes
2023-10-01,Salaries,RH,49852.18,6000,Compte Salaries
2023-10-01,Rent,Facilities,13511.64,6001,Compte Rent
2023-10-01,Utilities,Facilities,1548.51,6002,Compte Utilities
2023-10-01,Marketing,Growth,11961.9,6003,Compte Marketing
2023-10-01,Software,IT,7076.21,6004,Compte Software
2023-10-01,Travel,Operations,2882.17,6005,Compte Travel
2023-10-01,Supplies,Operations,1353.95,6006,Compte Supplies
2023-10-01,Logistics,Operations,1818.62,6007,Compte Logistics
2023-10-01,ProfessionalServices,Admin,2611.93,6008,Compte ProfessionalServices
2023-10-01,Taxes,Admin,3765.29,6009,Compte Taxes
2023-11-01,Salaries,RH,53252.09,6000,Compte Salaries
2023-11-01,Rent,Facilities,12415.1,6001,Compte Rent
2023-11-01,Utilities,Facilities,1658.54,6002,Compte Utilities
2023-11-01,Marketing,Growth,11574.12,6003,Compte Marketing
2023-11-01,Software,IT,6557.05,6004,Compte Software
2023-11-01,Travel,Operations,2678.17,6005,Compte Travel
2023-11-01,Supplies,Operations,1259.27,6006,Compte Supplies
2023-11-01,Logistics,Operations,1859.56,6007,Compte Logistics
2023-11-01,ProfessionalServices,Admin,2608.66,6008,Compte ProfessionalServices
2023-11-01,Taxes,Admin,4180.85,6009,Compte Taxes
2023-12-01,Salaries,RH,49355.89,6000,Compte Salaries
2023-12-01,Rent,Facilities,13778.41,6001,Compte Rent
2023-12-01,Utilities,Facilities,1671.42,6002,Compte Utilities
2023-12-01,Marketing,Growth,11458.59,6003,Compte Marketing
2023-12-01,Software,IT,6440.91,6004,Compte Software
2023-12-01,Travel,Operations,2970.47,6005,Compte Travel
2023-12-01,Supplies,Operations,1295.52,6006,Compte Supplies
2023-12-01,Logistics,Operations,1941.79,6007,Compte Logistics
2023-12-01,ProfessionalServices,Admin,2371.17,6008,Compte ProfessionalServices
2023-12-01,Taxes,Admin,4179.15,6009,Compte Taxes
2024-01-01,Salaries,RH,54309.28,6000,Compte Salaries
2024-01-01,Rent,Facilities,14547.87,6001,Compte Rent
2024-01-01,Utilities,Facilities,1790.85,6002,Compte Utilities
2024-01-01,Marketing,Growth,9513.1,6003,Compte Marketing
2024-01-01,Software,IT,6471.04,6004,Compte Software
2024-01-01,Travel,Operations,2718.05,6005,Compte Travel
2024-01-01,Supplies,Operations,1284.58,6006,Compte Supplies
2024-01-01,Logistics,Operations,2090.53,6007,Compte Logistics
2024-01-01,ProfessionalServices,Admin,2458.98,6008,Compte ProfessionalServices
2024-01-01,Taxes,Admin,4213.66,6009,Compte Taxes
2024-02-01,Salaries,RH,55787.61,6000,Compte Salaries
2024-02-01,Rent,Facilities,13209.26,6001,Compte Rent
2024-02-01,Utilities,Facilities,1744.16,6002,Compte Utilities
2024-02-01,Marketing,Growth,8601.58,6003,Compte Marketing
2024-02-01,Software,IT,6672.83,6004,Compte Software
2024-02-01,Travel,Operations,2821.57,6005,Compte Travel
2024-02-01,Supplies,Operations,1382.59,6006,Compte Supplies
2024-02-01,Logistics,Operations,1895.16,6007,Compte Logistics
2024-02-01,ProfessionalServices,Admin,2536.79,6008,Compte ProfessionalServices
2024-02-01,Taxes,Admin,3860.95,6009,Compte Taxes
2024-03-01,Salaries,RH,52709.21,6000,Compte Salaries
2024-03-01,Rent,Facilities,14839.2,6001,Compte Rent
2024-03-01,Utilities,Facilities,1719.29,6002,Compte Utilities
2024-03-01,Marketing,Growth,9251.09,6003,Compte Marketing
2024-03-01,Software,IT,6932.89,6004,Compte Software
2024-03-01,Travel,Operations,2777.76,6005,Compte Travel
2024-03-01,Supplies,Operations,1407.21,6006,Compte Supplies
2024-03-01,Logistics,Operations,1861.61,6007,Compte Logistics
2024-03-01,ProfessionalServices,Admin,2561.14,6008,Compte ProfessionalServices
2024-03-01,Taxes,Admin,4295.77,6009,Compte Taxes
2024-04-01,Salaries,RH,49982.71,6000,Compte Salaries
2024-04-01,Rent,Facilities,13205.75,6001,Compte Rent
2024-04-01,Utilities,Facilities,1835.25,6002,Compte Utilities
2024-04-01,Marketing,Growth,8502.86,6003,Compte Marketing
2024-04-01,Software,IT,6956.82,6004,Compte Software
2024-04-01,Travel,Operations,2760.93,6005,Compte Travel
2024-04-01,Supplies,Operations,1490.31,6006,Compte Supplies
2024-04-01,Logistics,Operations,1994.39,6007,Compte Logistics
2024-04-01,ProfessionalServices,Admin,2729.34,6008,Compte ProfessionalServices
2024-04-01,Taxes,Admin,3790.64,6009,Compte Taxes
2024-05-01,Salaries,RH,54083.79,6000,Compte Salaries
2024-05-01,Rent,Facilities,13654.88,6001,Compte Rent
2024-05-01,Utilities,Facilities,1620.57,6002,Compte Utilities
2024-05-01,Marketing,Growth,9055.36,6003,Compte Marketing
2024-05-01,Software,IT,6899.55,6004,Compte Software
2024-05-01,Travel,Operations,2820.5,6005,Compte Travel
2024-05-01,Supplies,Operations,1388.96,6006,Compte Supplies
2024-05-01,Logistics,Operations,1887.11,6007,Compte Logistics
2024-05-01,ProfessionalServices,Admin,2405.31,6008,Compte ProfessionalServices
2024-05-01,Taxes,Admin,3849.04,6009,Compte Taxes
2024-06-01,Salaries,RH,53540.42,6000,Compte Salaries
2024-06-01,Rent,Facilities,13512.33,6001,Compte Rent
2024-06-01,Utilities,Facilities,1699.01,6002,Compte Utilities
2024-06-01,Marketing,Growth,8976.78,6003,Compte Marketing
2024-06-01,Software,IT,6446.69,6004,Compte Software
2024-06-01,Travel,Operations,4319.15,6005,Compte Travel
2024-06-01,Supplies,Operations,1339.82,6006,Compte Supplies
2024-06-01,Logistics,Operations,2029.98,6007,Compte Logistics
2024-06-01,ProfessionalServices,Admin,2497.73,6008,Compte ProfessionalServices
2024-06-01,Taxes,Admin,4271.33,6009,Compte Taxes
2024-07-01,Salaries,RH,51392.11,6000,Compte Salaries
2024-07-01,Rent,Facilities,14681.16,6001,Compte Rent
2024-07-01,Utilities,Facilities,1709.99,6002,Compte Utilities
2024-07-01,Marketing,Growth,8835.67,6003,Compte Marketing
2024-07-01,Software,IT,6514.95,6004,Compte Software
2024-07-01,Travel,Operations,4014.05,6005,Compte Travel
2024-07-01,Supplies,Operations,1391.03,6006,Compte Supplies
2024-07-01,Logistics,Operations,2045.39,6007,Compte Logistics
2024-07-01,ProfessionalServices,Admin,2599.26,6008,Compte ProfessionalServices
2024-07-01,Taxes,Admin,3978.29,6009,Compte Taxes
2024-08-01,Salaries,RH,55681.45,6000,Compte Salaries
2024-08-01,Rent,Facilities,14514.38,6001,Compte Rent
2024-08-01,Utilities,Facilities,1813.21,6002,Compte Utilities
2024-08-01,Marketing,Growth,8469.6,6003,Compte Marketing
2024-08-01,Software,IT,6566.77,6004,Compte Software
2024-08-01,Travel,Operations,3968.83,6005,Compte Travel
2024-08-01,Supplies,Operations,1442.0,6006,Compte Supplies
2024-08-01,Logistics,Operations,2102.54,6007,Compte Logistics
2024-08-01,ProfessionalServices,Admin,2714.65,6008,Compte ProfessionalServices
2024-08-01,Taxes,Admin,4058.15,6009,Compte Taxes
2024-09-01,Salaries,RH,48382.52,6000,Compte Salaries
2024-09-01,Rent,Facilities,14388.13,6001,Compte Rent
2024-09-01,Utilities,Facilities,1811.06,6002,Compte Utilities
2024-09-01,Marketing,Growth,8801.89,6003,Compte Marketing
2024-09-01,Software,IT,6668.18,6004,Compte Software
2024-09-01,Travel,Operations,3065.32,6005,Compte Travel
2024-09-01,Supplies,Operations,1470.25,6006,Compte Supplies
2024-09-01,Logistics,Operations,2032.87,6007,Compte Logistics
2024-09-01,ProfessionalServices,Admin,2607.65,6008,Compte ProfessionalServices
2024-09-01,Taxes,Admin,4325.29,6009,Compte Taxes
2024-10-01,Salaries,RH,52400.9,6000,Compte Salaries
2024-10-01,Rent,Facilities,13160.29,6001,Compte Rent
2024-10-01,Utilities,Facilities,1747.46,6002,Compte Utilities
2024-10-01,Marketing,Growth,13192.14,6003,Compte Marketing
2024-10-01,Software,IT,7441.4,6004,Compte Software
2024-10-01,Travel,Operations,3033.88,6005,Compte Travel
2024-10-01,Supplies,Operations,1446.36,6006,Compte Supplies
2024-10-01,Logistics,Operations,2024.07,6007,Compte Logistics
2024-10-01,ProfessionalServices,Admin,2412.39,6008,Compte ProfessionalServices
2024-10-01,Taxes,Admin,4031.2,6009,Compte Taxes
2024-11-01,Salaries,RH,55124.14,6000,Compte Salaries
2024-11-01,Rent,Facilities,14709.82,6001,Compte Rent
2024-11-01,Utilities,Facilities,1852.3,6002,Compte Utilities
2024-11-01,Marketing,Growth,11998.27,6003,Compte Marketing
2024-11-01,Software,IT,7300.61,6004,Compte Software
2024-11-01,Travel,Operations,2664.27,6005,Compte Travel
2024-11-01,Supplies,Operations,1412.71,6006,Compte Supplies
2024-11-01,Logistics,Operations,1914.61,6007,Compte Logistics
2024-11-01,ProfessionalServices,Admin,2713.63,6008,Compte ProfessionalServices
2024-11-01,Taxes,Admin,3846.8,6009,Compte Taxes
2024-12-01,Salaries,RH,50480.96,6000,Compte Salaries
2024-12-01,Rent,Facilities,12853.02,6001,Compte Rent
2024-12-01,Utilities,Facilities,1604.99,6002,Compte Utilities
2024-12-01,Marketing,Growth,11920.56,6003,Compte Marketing
2024-12-01,Software,IT,7182.05,6004,Compte Software
2024-12-01,Travel,Operations,2699.37,6005,Compte Travel
2024-12-01,Supplies,Operations,1387.39,6006,Compte Supplies
2024-12-01,Logistics,Operations,2041.64,6007,Compte Logistics
2024-12-01,ProfessionalServices,Admin,2444.87,6008,Compte ProfessionalServices
2024-12-01,Taxes,Admin,4093.88,6009,Compte Taxes
2025-01-01,Salaries,RH,53567.95,6000,Compte Salaries
2025-01-01,Rent,Facilities,14929.06,6001,Compte Rent
2025-01-01,Utilities,Facilities,1665.64,6002,Compte Utilities
2025-01-01,Marketing,Growth,8826.42,6003,Compte Marketing
2025-01-01,Software,IT,7541.04,6004,Compte Software
2025-01-01,Travel,Operations,3142.68,6005,Compte Travel
2025-01-01,Supplies,Operations,1338.15,6006,Compte Supplies
2025-01-01,Logistics,Operations,1925.43,6007,Compte Logistics
2025-01-01,ProfessionalServices,Admin,2550.24,6008,Compte ProfessionalServices
2025-01-01,Taxes,Admin,4267.54,6009,Compte Taxes
2025-02-01,Salaries,RH,55027.04,6000,Compte Salaries
2025-02-01,Rent,Facilities,14937.28,6001,Compte Rent
2025-02-01,Utilities,Facilities,1636.16,6002,Compte Utilities
2025-02-01,Marketing,Growth,8844.29,6003,Compte Marketing
2025-02-01,Software,IT,7130.32,6004,Compte Software
2025-02-01,Travel,Operations,3069.28,6005,Compte Travel
2025-02-01,Supplies,Operations,1440.64,6006,Compte Supplies
2025-02-01,Logistics,Operations,2098.06,6007,Compte Logistics
2025-02-01,ProfessionalServices,Admin,2686.93,6008,Compte ProfessionalServices
2025-02-01,Taxes,Admin,4000.67,6009,Compte Taxes
2025-03-01,Salaries,RH,53406.53,6000,Compte Salaries
2025-03-01,Rent,Facilities,15113.26,6001,Compte Rent
2025-03-01,Utilities,Facilities,1878.3,6002,Compte Utilities
2025-03-01,Marketing,Growth,10130.58,6003,Compte Marketing
2025-03-01,Software,IT,7341.01,6004,Compte Software
2025-03-01,Travel,Operations,2840.96,6005,Compte Travel
2025-03-01,Supplies,Operations,1397.02,6006,Compte Supplies
2025-03-01,Logistics,Operations,2069.93,6007,Compte Logistics
2025-03-01,ProfessionalServices,Admin,2538.91,6008,Compte ProfessionalServices
2025-03-01,Taxes,Admin,3816.28,6009,Compte Taxes
2025-04-01,Salaries,RH,50656.02,6000,Compte Salaries
2025-04-01,Rent,Facilities,13651.61,6001,Compte Rent
2025-04-01,Utilities,Facilities,1862.51,6002,Compte Utilities
2025-04-01,Marketing,Growth,8897.14,6003,Compte Marketing
2025-04-01,Software,IT,7420.49,6004,Compte Software
2025-04-01,Travel,Operations,2864.67,6005,Compte Travel
2025-04-01,Supplies,Operations,1350.71,6006,Compte Supplies
2025-04-01,Logistics,Operations,1974.42,6007,Compte Logistics
2025-04-01,ProfessionalServices,Admin,2719.23,6008,Compte ProfessionalServices
2025-04-01,Taxes,Admin,4307.65,6009,Compte Taxes
2025-05-01,Salaries,RH,53785.0,6000,Compte Salaries
2025-05-01,Rent,Facilities,13432.11,6001,Compte Rent
2025-05-01,Utilities,Facilities,1850.26,6002,Compte Utilities
2025-05-01,Marketing,Growth,9792.38,6003,Compte Marketing
2025-05-01,Software,IT,7043.61,6004,Compte Software
2025-05-01,Travel,Operations,2797.24,6005,Compte Travel
2025-05-01,Supplies,Operations,1339.14,6006,Compte Supplies
2025-05-01,Logistics,Operations,1876.59,6007,Compte Logistics
2025-05-01,ProfessionalServices,Admin,2612.18,6008,Compte ProfessionalServices
2025-05-01,Taxes,Admin,3985.34,6009,Compte Taxes
2025-06-01,Salaries,RH,54214.15,6000,Compte Salaries
2025-06-01,Rent,Facilities,14094.0,6001,Compte Rent
2025-06-01,Utilities,Facilities,1774.66,6002,Compte Utilities
2025-06-01,Marketing,Growth,9870.98,6003,Compte Marketing
2025-06-01,Software,IT,7586.92,6004,Compte Software
2025-06-01,Travel,Operations,3910.48,6005,Compte Travel
2025-06-01,Supplies,Operations,1510.29,6006,Compte Supplies
2025-06-01,Logistics,Operations,1847.41,6007,Compte Logistics
2025-06-01,ProfessionalServices,Admin,2654.55,6008,Compte ProfessionalServices
2025-06-01,Taxes,Admin,4359.5,6009,Compte Taxes
2025-07-01,Salaries,RH,56707.43,6000,Compte Salaries
2025-07-01,Rent,Facilities,13077.8,6001,Compte Rent
2025-07-01,Utilities,Facilities,1731.04,6002,Compte Utilities
2025-07-01,Marketing,Growth,9849.69,6003,Compte Marketing
2025-07-01,Software,IT,6609.07,6004,Compte Software
2025-07-01,Travel,Operations,4267.59,6005,Compte Travel
2025-07-01,Supplies,Operations,1422.76,6006,Compte Supplies
2025-07-01,Logistics,Operations,1939.47,6007,Compte Logistics
2025-07-01,ProfessionalServices,Admin,2569.56,6008,Compte ProfessionalServices
2025-07-01,Taxes,Admin,3865.94,6009,Compte Taxes
2025-08-01,Salaries,RH,51387.32,6000,Compte Salaries
2025-08-01,Rent,Facilities,13541.55,6001,Compte Rent
2025-08-01,Utilities,Facilities,1828.16,6002,Compte Utilities
2025-08-01,Marketing,Growth,10100.97,6003,Compte Marketing
2025-08-01,Software,IT,7442.84,6004,Compte Software
2025-08-01,Travel,Operations,4117.46,6005,Compte Travel
2025-08-01,Supplies,Operations,1368.03,6006,Compte Supplies
2025-08-01,Logistics,Operations,1912.88,6007,Compte Logistics
2025-08-01,ProfessionalServices,Admin,2445.27,6008,Compte ProfessionalServices
2025-08-01,Taxes,Admin,3857.72,6009,Compte Taxes
2025-09-01,Salaries,RH,55630.66,6000,Compte Salaries
2025-09-01,Rent,Facilities,14832.63,6001,Compte Rent
2025-09-01,Utilities,Facilities,1887.41,6002,Compte Utilities
2025-09-01,Marketing,Growth,9955.26,6003,Compte Marketing
2025-09-01,Software,IT,7295.0,6004,Compte Software
2025-09-01,Travel,Operations,2721.21,6005,Compte Travel
2025-09-01,Supplies,Operations,1416.38,6006,Compte Supplies
2025-09-01,Logistics,Operations,2068.32,6007,Compte Logistics
2025-09-01,ProfessionalServices,Admin,2799.05,6008,Compte ProfessionalServices
2025-09-01,Taxes,Admin,3880.65,6009,Compte Taxes
2025-10-01,Salaries,RH,56869.26,6000,Compte Salaries
2025-10-01,Rent,Facilities,13189.26,6001,Compte Rent
2025-10-01,Utilities,Facilities,1759.32,6002,Compte Utilities
2025-10-01,Marketing,Growth,12821.89,6003,Compte Marketing
2025-10-01,Software,IT,7077.87,6004,Compte Software
2025-10-01,Travel,Operations,2906.69,6005,Compte Travel
2025-10-01,Supplies,Operations,1480.49,6006,Compte Supplies
2025-10-01,Logistics,Operations,1874.62,6007,Compte Logistics
2025-10-01,ProfessionalServices,Admin,2664.09,6008,Compte ProfessionalServices
2025-10-01,Taxes,Admin,4111.91,6009,Compte Taxes
2025-11-01,Salaries,RH,54320.13,6000,Compte Salaries
2025-11-01,Rent,Facilities,13868.73,6001,Compte Rent
2025-11-01,Utilities,Facilities,1869.7,6002,Compte Utilities
2025-11-01,Marketing,Growth,12576.46,6003,Compte Marketing
2025-11-01,Software,IT,6766.07,6004,Compte Software
2025-11-01,Travel,Operations,2845.56,6005,Compte Travel
2025-11-01,Supplies,Operations,1478.51,6006,Compte Supplies
2025-11-01,Logistics,Operations,1931.6,6007,Compte Logistics
2025-11-01,ProfessionalServices,Admin,2660.64,6008,Compte ProfessionalServices
2025-11-01,Taxes,Admin,4343.14,6009,Compte Taxes
2025-12-01,Salaries,RH,51563.77,6000,Compte Salaries
2025-12-01,Rent,Facilities,15147.1,6001,Compte Rent
2025-12-01,Utilities,Facilities,1815.43,6002,Compte Utilities
2025-12-01,Marketing,Growth,13571.56,6003,Compte Marketing
2025-12-01,Software,IT,7425.12,6004,Compte Software
2025-12-01,Travel,Operations,3130.95,6005,Compte Travel
2025-12-01,Supplies,Operations,1512.49,6006,Compte Supplies
2025-12-01,Logistics,Operations,1929.19,6007,Compte Logistics
2025-12-01,ProfessionalServices,Admin,2392.55,6008,Compte ProfessionalServices
2025-12-01,Taxes,Admin,3830.21,6009,Compte Taxes
